Category Path;Collection;Product Family Name;Item Ref;URL;Hero Image;PDFs (Pipe Separated)
Bañeras > Bañeras exentas;;BetteArt;3480;https://www.my-bette.com/es/producto/baneras/betteart;;https://content.my-bette.com/produkt_downloads/BetteArt-134583/BetteArt-1805-755-mm-131236/BE2D_Art_3480CFXXK.pdf|https://content.my-bette.com/produkt_downloads/BetteArt-134583/BetteArt-1805-755-mm-131236/BETZ_Art_3480CFXXK.pdf|https://content.my-bette.com/produkt_downloads/BetteArt-134583/BetteArt-1805-755-mm-131236/20250512_EPD_Vorl__ufige%20Version%20in%20Verifizierung.pdf|https://content.my-bette.com/produkt_downloads/BetteArt-134583/BetteArt-1805-755-mm-131236/DS-BetteArt-BW_1244-ES.pdf|https://content.my-bette.com/produkt_downloads/BetteArt-134583/BetteArt-1805-755-mm-131236/20241112_LE_Bette%20Badewannen_spanisch.pdf|https://content.my-bette.com/produkt_downloads/BetteArt-134583/BetteArt-1805-755-mm-131236/20230130_Garantiepass_Pflegehinweise_2022_web_Rev1_ES.pdf|https://content.my-bette.com/produkt_downloads/BetteArt-134583/BetteArt-1805-755-mm-131236/Z0016411_REV2.pdf
Bañeras > Bañeras exentas;;BetteEve Oval Silhouette;6043;https://www.my-bette.com/es/producto/baneras/betteeve-oval-silhouette;;https://content.my-bette.com/produkt_downloads/BetteEve-Oval-Silhouette-511253/BetteEve-Oval-Silhouette-1800-1000-mm-523354/BE2D_Eve_Oval_Sil_6043CFXXS.pdf|https://content.my-bette.com/produkt_downloads/BetteEve-Oval-Silhouette-511253/BetteEve-Oval-Silhouette-1800-1000-mm-523354/BETZ_Eve_Oval_Sil_6043CFXXS.pdf|https://content.my-bette.com/produkt_downloads/BetteEve-Oval-Silhouette-511253/BetteEve-Oval-Silhouette-1800-1000-mm-523354/Z0015417_REV8.pdf|https://content.my-bette.com/produkt_downloads/BetteEve-Oval-Silhouette-511253/BetteEve-Oval-Silhouette-1800-1000-mm-523354/20250512_EPD_Vorl__ufige%20Version%20in%20Verifizierung.pdf|https://content.my-bette.com/produkt_downloads/BetteEve-Oval-Silhouette-511253/BetteEve-Oval-Silhouette-1800-1000-mm-523354/DS-BetteEve_Oval_Silhouette-BW_0316-ES.pdf|https://content.my-bette.com/produkt_downloads/BetteEve-Oval-Silhouette-511253/BetteEve-Oval-Silhouette-1800-1000-mm-523354/20241112_LE_Bette%20Badewannen_spanisch.pdf|https://content.my-bette.com/produkt_downloads/BetteEve-Oval-Silhouette-511253/BetteEve-Oval-Silhouette-1800-1000-mm-523354/20230130_Garantiepass_Pflegehinweise_2022_web_Rev1_ES.pdf
Bañeras > Bañeras exentas;;BetteLoft Ornament;3172;https://www.my-bette.com/es/producto/baneras/betteloft-ornament;;https://content.my-bette.com/produkt_downloads/BetteLoft-Ornament-242411/BetteLoft-Ornament-1810-810-mm-242412/BE2D_Loft_Ornament_3172CFXX6A.pdf|https://content.my-bette.com/produkt_downloads/BetteLoft-Ornament-242411/BetteLoft-Ornament-1810-810-mm-242412/BETZ_Loft_Ornament_3172CFXX6A.pdf|https://content.my-bette.com/produkt_downloads/BetteLoft-Ornament-242411/BetteLoft-Ornament-1810-810-mm-242412/Z0015417_REV8.pdf|https://content.my-bette.com/produkt_downloads/BetteLoft-Ornament-242411/BetteLoft-Ornament-1810-810-mm-242412/20250512_EPD_Vorl__ufige%20Version%20in%20Verifizierung.pdf|https://content.my-bette.com/produkt_downloads/BetteLoft-Ornament-242411/BetteLoft-Ornament-1810-810-mm-242412/DS-BetteLoft_Ornament-BW_0242-ES.pdf|https://content.my-bette.com/produkt_downloads/BetteLoft-Ornament-242411/BetteLoft-Ornament-1810-810-mm-242412/20241112_LE_Bette%20Badewannen_spanisch.pdf|https://content.my-bette.com/produkt_downloads/BetteLoft-Ornament-242411/BetteLoft-Ornament-1810-810-mm-242412/20230130_Garantiepass_Pflegehinweise_2022_web_Rev1_ES.pdf|https://content.my-bette.com/produkt_downloads/BetteLoft-Ornament-242411/BetteLoft-Ornament-1810-810-mm-242412/2021-Factsheet-BetteLoft-Ornament-DE-EN-web.pdf
Bañeras > Bañeras exentas;;BetteLux Oval Couture;3466;https://www.my-bette.com/es/producto/baneras/bettelux-oval-couture;;https://content.my-bette.com/produkt_downloads/BetteLux-Oval-Couture-244171/BetteLux-Oval-Couture-1800-800-mm-244172/BE2D_Lux_Oval_Couture_3466TX.pdf|https://content.my-bette.com/produkt_downloads/BetteLux-Oval-Couture-244171/BetteLux-Oval-Couture-1800-800-mm-244172/BETZ_Lux_Oval_Couture_3466TX.pdf|https://content.my-bette.com/produkt_downloads/BetteLux-Oval-Couture-244171/BetteLux-Oval-Couture-1800-800-mm-244172/20250512_EPD_Vorl__ufige%20Version%20in%20Verifizierung.pdf|https://content.my-bette.com/produkt_downloads/BetteLux-Oval-Couture-244171/BetteLux-Oval-Couture-1800-800-mm-244172/DS-BetteLux_Oval_Couture-BW_1365-ES.pdf|https://content.my-bette.com/produkt_downloads/BetteLux-Oval-Couture-244171/BetteLux-Oval-Couture-1800-800-mm-244172/20241112_LE_Bette%20Badewannen_spanisch.pdf|https://content.my-bette.com/produkt_downloads/BetteLux-Oval-Couture-244171/BetteLux-Oval-Couture-1800-800-mm-244172/20220607_BetteLux_Oval_Couture_Stoff_ES.pdf|https://content.my-bette.com/produkt_downloads/BetteLux-Oval-Couture-244171/BetteLux-Oval-Couture-1800-800-mm-244172/Z0017357_REV1.pdf
Bañeras > Bañeras exentas;;BetteLux Oval Silhouette;3465;https://www.my-bette.com/es/producto/baneras/bettelux-oval-silhouette;;https://content.my-bette.com/produkt_downloads/BetteLux-Oval-Silhouette-135783/BetteLux-Oval-Silhouette-1700-750-mm-130448/BE2D_Lux_Oval_Sil_3465CFXXS.pdf|https://content.my-bette.com/produkt_downloads/BetteLux-Oval-Silhouette-135783/BetteLux-Oval-Silhouette-1700-750-mm-130448/BETZ_Lux_Oval_Sil_3465CFXXS.pdf|https://content.my-bette.com/produkt_downloads/BetteLux-Oval-Silhouette-135783/BetteLux-Oval-Silhouette-1700-750-mm-130448/Z0015417_REV8.pdf|https://content.my-bette.com/produkt_downloads/BetteLux-Oval-Silhouette-135783/BetteLux-Oval-Silhouette-1700-750-mm-130448/20250512_EPD_Vorl__ufige%20Version%20in%20Verifizierung.pdf|https://content.my-bette.com/produkt_downloads/BetteLux-Oval-Silhouette-135783/BetteLux-Oval-Silhouette-1700-750-mm-130448/DS-BetteLux_Oval_Silhouette-BW_1299-ES.pdf|https://content.my-bette.com/produkt_downloads/BetteLux-Oval-Silhouette-135783/BetteLux-Oval-Silhouette-1700-750-mm-130448/20241112_LE_Bette%20Badewannen_spanisch.pdf|https://content.my-bette.com/produkt_downloads/BetteLux-Oval-Silhouette-135783/BetteLux-Oval-Silhouette-1700-750-mm-130448/20230130_Garantiepass_Pflegehinweise_2022_web_Rev1_ES.pdf
Bañeras > Bañeras exentas;;BetteLux Shape;3451;https://www.my-bette.com/es/producto/baneras/bettelux-shape;;https://content.my-bette.com/produkt_downloads/BetteLux-Shape-134568/BetteLux-Shape-1700-750-mm-378/BE2D_Lux_Shape_3451.pdf|https://content.my-bette.com/produkt_downloads/BetteLux-Shape-134568/BetteLux-Shape-1700-750-mm-378/BETZ_Lux_Shape_3451.pdf|https://content.my-bette.com/produkt_downloads/BetteLux-Shape-134568/BetteLux-Shape-1700-750-mm-378/20250512_EPD_Vorl__ufige%20Version%20in%20Verifizierung.pdf|https://content.my-bette.com/produkt_downloads/BetteLux-Shape-134568/BetteLux-Shape-1700-750-mm-378/DS-BetteLux_Shape-BW_1300-ES.pdf|https://content.my-bette.com/produkt_downloads/BetteLux-Shape-134568/BetteLux-Shape-1700-750-mm-378/20241112_LE_Bette%20Badewannen_spanisch.pdf|https://content.my-bette.com/produkt_downloads/BetteLux-Shape-134568/BetteLux-Shape-1700-750-mm-378/20230130_Garantiepass_Pflegehinweise_2022_web_Rev1_ES.pdf
Bañeras > Bañeras exentas;;BettePond Silhouette;6045;https://www.my-bette.com/es/producto/baneras/bettepond-silhouette;;https://content.my-bette.com/produkt_downloads/BettePond-Silhouette-408212/BettePond-Silhouette-1500-x-1500-mm-408213/BE2D_Pond_Silhouette_6045CFXXS.pdf|https://content.my-bette.com/produkt_downloads/BettePond-Silhouette-408212/BettePond-Silhouette-1500-x-1500-mm-408213/BETZ_Pond_Silhouette_6045CFXXS.pdf|https://content.my-bette.com/produkt_downloads/BettePond-Silhouette-408212/BettePond-Silhouette-1500-x-1500-mm-408213/Z0015417_REV8.pdf|https://content.my-bette.com/produkt_downloads/BettePond-Silhouette-408212/BettePond-Silhouette-1500-x-1500-mm-408213/20250512_EPD_Vorl__ufige%20Version%20in%20Verifizierung.pdf|https://content.my-bette.com/produkt_downloads/BettePond-Silhouette-408212/BettePond-Silhouette-1500-x-1500-mm-408213/DS-BettePond_Silhouette-BW_0273-ES.pdf|https://content.my-bette.com/produkt_downloads/BettePond-Silhouette-408212/BettePond-Silhouette-1500-x-1500-mm-408213/20241112_LE_Bette%20Badewannen_spanisch.pdf|https://content.my-bette.com/produkt_downloads/BettePond-Silhouette-408212/BettePond-Silhouette-1500-x-1500-mm-408213/20230130_Garantiepass_Pflegehinweise_2022_web_Rev1_ES.pdf
Bañeras > Bañeras exentas;;BetteStarlet Oval Silhouette;2700;https://www.my-bette.com/es/producto/baneras/bettestarlet-oval-silhouette;;https://content.my-bette.com/produkt_downloads/BetteStarlet-Oval-Silhouette-135769/BetteStarlet-Oval-Silhouette-1500-800-mm-132872/BE2D_Starlet_Oval_Sil_2700CFXXK.pdf|https://content.my-bette.com/produkt_downloads/BetteStarlet-Oval-Silhouette-135769/BetteStarlet-Oval-Silhouette-1500-800-mm-132872/BETZ_Starlet_Oval_Sil_2700CFXXK.pdf|https://content.my-bette.com/produkt_downloads/BetteStarlet-Oval-Silhouette-135769/BetteStarlet-Oval-Silhouette-1500-800-mm-132872/Z0015417_REV8.pdf|https://content.my-bette.com/produkt_downloads/BetteStarlet-Oval-Silhouette-135769/BetteStarlet-Oval-Silhouette-1500-800-mm-132872/20250512_EPD_Vorl__ufige%20Version%20in%20Verifizierung.pdf|https://content.my-bette.com/produkt_downloads/BetteStarlet-Oval-Silhouette-135769/BetteStarlet-Oval-Silhouette-1500-800-mm-132872/DS-BetteStarlet_Oval_Silhouette-BW_0224-ES.pdf|https://content.my-bette.com/produkt_downloads/BetteStarlet-Oval-Silhouette-135769/BetteStarlet-Oval-Silhouette-1500-800-mm-132872/20241112_LE_Bette%20Badewannen_spanisch.pdf|https://content.my-bette.com/produkt_downloads/BetteStarlet-Oval-Silhouette-135769/BetteStarlet-Oval-Silhouette-1500-800-mm-132872/20230130_Garantiepass_Pflegehinweise_2022_web_Rev1_ES.pdf
Bañeras > Bañeras exentas;;BetteSuno Oval;2740;https://www.my-bette.com/es/producto/baneras/bettesuno-oval;;https://content.my-bette.com/produkt_downloads/Suno-Oval-638949/BetteSuno-Oval-180x80-616839/BE2D_Suno_2740CFXXSR.pdf|https://content.my-bette.com/produkt_downloads/Suno-Oval-638949/BetteSuno-Oval-180x80-616839/BETZ_Suno_2740CFXXSR.pdf|https://content.my-bette.com/produkt_downloads/Suno-Oval-638949/BetteSuno-Oval-180x80-616839/20250512_EPD_Vorl__ufige%20Version%20in%20Verifizierung.pdf|https://content.my-bette.com/produkt_downloads/Suno-Oval-638949/BetteSuno-Oval-180x80-616839/DS-BetteSuno_Oval-BW_0360-ES.pdf|https://content.my-bette.com/produkt_downloads/Suno-Oval-638949/BetteSuno-Oval-180x80-616839/20241112_LE_Bette%20Badewannen_spanisch.pdf|https://content.my-bette.com/produkt_downloads/Suno-Oval-638949/BetteSuno-Oval-180x80-616839/20230130_Garantiepass_Pflegehinweise_2022_web_Rev1_ES.pdf
Bañeras > Bañeras encastradas;;BetteArco;6035;https://www.my-bette.com/es/producto/baneras/bettearco;;https://content.my-bette.com/produkt_downloads/BetteArco-133263/BetteArco-1400-1400-450-mm-133264/BE2D_Arco_6035.pdf|https://content.my-bette.com/produkt_downloads/BetteArco-133263/BetteArco-1400-1400-450-mm-133264/BETZ_Arco_6035.pdf|https://content.my-bette.com/produkt_downloads/BetteArco-133263/BetteArco-1400-1400-450-mm-133264/20250512_EPD_Vorl__ufige%20Version%20in%20Verifizierung.pdf|https://content.my-bette.com/produkt_downloads/BetteArco-133263/BetteArco-1400-1400-450-mm-133264/DS-BetteArco-BW_0165-ES.pdf|https://content.my-bette.com/produkt_downloads/BetteArco-133263/BetteArco-1400-1400-450-mm-133264/20241112_LE_Bette%20Badewannen_spanisch.pdf|https://content.my-bette.com/produkt_downloads/BetteArco-133263/BetteArco-1400-1400-450-mm-133264/20230130_Garantiepass_Pflegehinweise_2022_web_Rev1_ES.pdf
Bañeras > Bañeras encastradas;;BetteBambino;2770;https://www.my-bette.com/es/producto/baneras/bettebambino;;https://content.my-bette.com/produkt_downloads/BetteBambino-133374/BetteBambino-1570-650-500-mm-links-133689/BE2D_Bambino_2770.pdf|https://content.my-bette.com/produkt_downloads/BetteBambino-133374/BetteBambino-1570-650-500-mm-links-133689/BETZ_Bambino_2770.pdf|https://content.my-bette.com/produkt_downloads/BetteBambino-133374/BetteBambino-1570-650-500-mm-links-133689/20250512_EPD_Vorl__ufige%20Version%20in%20Verifizierung.pdf|https://content.my-bette.com/produkt_downloads/BetteBambino-133374/BetteBambino-1570-650-500-mm-links-133689/DS-BetteBambino-BW_0008-ES.pdf|https://content.my-bette.com/produkt_downloads/BetteBambino-133374/BetteBambino-1570-650-500-mm-links-133689/20241112_LE_Bette%20Badewannen_spanisch.pdf|https://content.my-bette.com/produkt_downloads/BetteBambino-133374/BetteBambino-1570-650-500-mm-links-133689/20230130_Garantiepass_Pflegehinweise_2022_web_Rev1_ES.pdf
Bañeras > Bañeras encastradas;;BetteClassic;1266;https://www.my-bette.com/es/producto/baneras/betteclassic;;https://content.my-bette.com/produkt_downloads/BetteClassic-133385/BetteClassic-1400-700-mm-437064/BE2D_Classic_1266.pdf|https://content.my-bette.com/produkt_downloads/BetteClassic-133385/BetteClassic-1400-700-mm-437064/BETZ_Classic_1266.pdf|https://content.my-bette.com/produkt_downloads/BetteClassic-133385/BetteClassic-1400-700-mm-437064/20250512_EPD_Vorl__ufige%20Version%20in%20Verifizierung.pdf|https://content.my-bette.com/produkt_downloads/BetteClassic-133385/BetteClassic-1400-700-mm-437064/DS-BetteClassic-BW_0009-ES.pdf|https://content.my-bette.com/produkt_downloads/BetteClassic-133385/BetteClassic-1400-700-mm-437064/20241112_LE_Bette%20Badewannen_spanisch.pdf|https://content.my-bette.com/produkt_downloads/BetteClassic-133385/BetteClassic-1400-700-mm-437064/20230130_Garantiepass_Pflegehinweise_2022_web_Rev1_ES.pdf|https://content.my-bette.com/produkt_downloads/BetteClassic-133385/BetteClassic-1400-700-mm-437064/BetteBambino_Montageanleitung_ES.pdf
Bañeras > Bañeras encastradas;;BetteComodo;1250;https://www.my-bette.com/es/producto/baneras/bettecomodo;;https://content.my-bette.com/produkt_downloads/BetteComodo-133376/BetteComodo-1700-750-mm-133379/BE2D_Comodo_1250.pdf|https://content.my-bette.com/produkt_downloads/BetteComodo-133376/BetteComodo-1700-750-mm-133379/BETZ_Comodo_1250.pdf|https://content.my-bette.com/produkt_downloads/BetteComodo-133376/BetteComodo-1700-750-mm-133379/20250512_EPD_Vorl__ufige%20Version%20in%20Verifizierung.pdf|https://content.my-bette.com/produkt_downloads/BetteComodo-133376/BetteComodo-1700-750-mm-133379/DS-BetteComodo-BW_1295-ES.pdf|https://content.my-bette.com/produkt_downloads/BetteComodo-133376/BetteComodo-1700-750-mm-133379/20241112_LE_Bette%20Badewannen_spanisch.pdf|https://content.my-bette.com/produkt_downloads/BetteComodo-133376/BetteComodo-1700-750-mm-133379/20230130_Garantiepass_Pflegehinweise_2022_web_Rev1_ES.pdf|https://content.my-bette.com/produkt_downloads/BetteComodo-133376/BetteComodo-1700-750-mm-133379/BetteComodo_Montageanleitung_ES.pdf|https://content.my-bette.com/produkt_downloads/BetteComodo-133376/BetteComodo-1700-750-mm-133379/2021-BetteComodo-ES-IT.pdf
Bañeras > Bañeras encastradas;;BetteComodo con rebosadero lateral;1640;https://www.my-bette.com/es/producto/baneras/bettecomodo-con-rebosadero-lateral;;https://content.my-bette.com/produkt_downloads/BetteComodo-mit-seitlichem-Uberlauf-133839/BetteComodo-mit-seitlichem-Uberlauf-1700-750-mm-Fussende-rechts-Uberlauf-hinten-133853/BE2D_Comodo_1640.pdf|https://content.my-bette.com/produkt_downloads/BetteComodo-mit-seitlichem-Uberlauf-133839/BetteComodo-mit-seitlichem-Uberlauf-1700-750-mm-Fussende-rechts-Uberlauf-hinten-133853/BETZ_Comodo_1640.pdf|https://content.my-bette.com/produkt_downloads/BetteComodo-mit-seitlichem-Uberlauf-133839/BetteComodo-mit-seitlichem-Uberlauf-1700-750-mm-Fussende-rechts-Uberlauf-hinten-133853/20250512_EPD_Vorl__ufige%20Version%20in%20Verifizierung.pdf|https://content.my-bette.com/produkt_downloads/BetteComodo-mit-seitlichem-Uberlauf-133839/BetteComodo-mit-seitlichem-Uberlauf-1700-750-mm-Fussende-rechts-Uberlauf-hinten-133853/DS-BetteComodo_with_side_overflow-BW_1348-ES.pdf|https://content.my-bette.com/produkt_downloads/BetteComodo-mit-seitlichem-Uberlauf-133839/BetteComodo-mit-seitlichem-Uberlauf-1700-750-mm-Fussende-rechts-Uberlauf-hinten-133853/20241112_LE_Bette%20Badewannen_spanisch.pdf|https://content.my-bette.com/produkt_downloads/BetteComodo-mit-seitlichem-Uberlauf-133839/BetteComodo-mit-seitlichem-Uberlauf-1700-750-mm-Fussende-rechts-Uberlauf-hinten-133853/20230130_Garantiepass_Pflegehinweise_2022_web_Rev1_ES.pdf|https://content.my-bette.com/produkt_downloads/BetteComodo-mit-seitlichem-Uberlauf-133839/BetteComodo-mit-seitlichem-Uberlauf-1700-750-mm-Fussende-rechts-Uberlauf-hinten-133853/BetteComodo%20mit%20seitlichem%20__berlauf_Montageanleitung_ES.pdf|https://content.my-bette.com/produkt_downloads/BetteComodo-mit-seitlichem-Uberlauf-133839/BetteComodo-mit-seitlichem-Uberlauf-1700-750-mm-Fussende-rechts-Uberlauf-hinten-133853/2021-BetteComodo-ES-IT.pdf
Bañeras > Bañeras encastradas;;BetteDuett;3020;https://www.my-bette.com/es/producto/baneras/betteduett;;https://content.my-bette.com/produkt_downloads/BetteDuett-134117/BetteDuett-1700-750-mm-134118/BETZ_Duett_3020.pdf|https://content.my-bette.com/produkt_downloads/BetteDuett-134117/BetteDuett-1700-750-mm-134118/20250512_EPD_Vorl__ufige%20Version%20in%20Verifizierung.pdf|https://content.my-bette.com/produkt_downloads/BetteDuett-134117/BetteDuett-1700-750-mm-134118/DS-BetteDuett-BW_0018-ES.pdf|https://content.my-bette.com/produkt_downloads/BetteDuett-134117/BetteDuett-1700-750-mm-134118/20241112_LE_Bette%20Badewannen_spanisch.pdf|https://content.my-bette.com/produkt_downloads/BetteDuett-134117/BetteDuett-1700-750-mm-134118/20230130_Garantiepass_Pflegehinweise_2022_web_Rev1_ES.pdf|https://content.my-bette.com/produkt_downloads/BetteDuett-134117/BetteDuett-1700-750-mm-134118/BetteDuett_Montageanleitung_ES.pdf
Bañeras > Bañeras encastradas;;BetteDuo;3820;https://www.my-bette.com/es/producto/baneras/betteduo;;https://content.my-bette.com/produkt_downloads/BetteDuo-133326/BetteDuo-1800-800-mm-133327/BE2D_Duo_3820.pdf|https://content.my-bette.com/produkt_downloads/BetteDuo-133326/BetteDuo-1800-800-mm-133327/BETZ_Duo_3820.pdf|https://content.my-bette.com/produkt_downloads/BetteDuo-133326/BetteDuo-1800-800-mm-133327/20250512_EPD_Vorl__ufige%20Version%20in%20Verifizierung.pdf|https://content.my-bette.com/produkt_downloads/BetteDuo-133326/BetteDuo-1800-800-mm-133327/DS-BetteDuo-BW_0019-ES.pdf|https://content.my-bette.com/produkt_downloads/BetteDuo-133326/BetteDuo-1800-800-mm-133327/20241112_LE_Bette%20Badewannen_spanisch.pdf|https://content.my-bette.com/produkt_downloads/BetteDuo-133326/BetteDuo-1800-800-mm-133327/20230130_Garantiepass_Pflegehinweise_2022_web_Rev1_ES.pdf|https://content.my-bette.com/produkt_downloads/BetteDuo-133326/BetteDuo-1800-800-mm-133327/BetteDuo_Montageanleitung_ES.pdf
Bañeras > Bañeras encastradas;;BetteEve;6042;https://www.my-bette.com/es/producto/baneras/betteeve;;https://content.my-bette.com/produkt_downloads/BetteEve-511251/BetteEve-1800-1000-mm-510086/BE2D_Eve_6042.pdf|https://content.my-bette.com/produkt_downloads/BetteEve-511251/BetteEve-1800-1000-mm-510086/BETZ_Eve_6042.pdf|https://content.my-bette.com/produkt_downloads/BetteEve-511251/BetteEve-1800-1000-mm-510086/20250512_EPD_Vorl__ufige%20Version%20in%20Verifizierung.pdf|https://content.my-bette.com/produkt_downloads/BetteEve-511251/BetteEve-1800-1000-mm-510086/DS-BetteEve-BW_0314-ES.pdf|https://content.my-bette.com/produkt_downloads/BetteEve-511251/BetteEve-1800-1000-mm-510086/20241112_LE_Bette%20Badewannen_spanisch.pdf|https://content.my-bette.com/produkt_downloads/BetteEve-511251/BetteEve-1800-1000-mm-510086/20230130_Garantiepass_Pflegehinweise_2022_web_Rev1_ES.pdf|https://content.my-bette.com/produkt_downloads/BetteEve-511251/BetteEve-1800-1000-mm-510086/BetteEve_Montageanleitung_ES.pdf
Bañeras > Bañeras encastradas;;BetteEve Oval;6043;https://www.my-bette.com/es/producto/baneras/betteeve-oval;;https://content.my-bette.com/produkt_downloads/BetteEve-Oval-511252/BetteEve-Oval-1800-1000-mm-510087/BE2D_Eve_Oval_6043.pdf|https://content.my-bette.com/produkt_downloads/BetteEve-Oval-511252/BetteEve-Oval-1800-1000-mm-510087/BETZ_Eve_Oval_6043.pdf|https://content.my-bette.com/produkt_downloads/BetteEve-Oval-511252/BetteEve-Oval-1800-1000-mm-510087/20250512_EPD_Vorl__ufige%20Version%20in%20Verifizierung.pdf|https://content.my-bette.com/produkt_downloads/BetteEve-Oval-511252/BetteEve-Oval-1800-1000-mm-510087/DS-BetteEve_Oval-BW_0315-ES.pdf|https://content.my-bette.com/produkt_downloads/BetteEve-Oval-511252/BetteEve-Oval-1800-1000-mm-510087/20241112_LE_Bette%20Badewannen_spanisch.pdf|https://content.my-bette.com/produkt_downloads/BetteEve-Oval-511252/BetteEve-Oval-1800-1000-mm-510087/20230130_Garantiepass_Pflegehinweise_2022_web_Rev1_ES.pdf|https://content.my-bette.com/produkt_downloads/BetteEve-Oval-511252/BetteEve-Oval-1800-1000-mm-510087/BetteEve%20Oval_Montageanleitung_ES.pdf